rmse_chg,mae_chg,rmse_level,mae_level,mape_level_pct,n_forecasts
0.039208297939454156,0.024957845152400994,0.48383066446249995,0.3134612365196159,0.024956674836825066,1802
