column,count,mean,std,min,10%,25%,50%,75%,90%,max
dubai_krw_l,6630.0,569.362026637209,177.62375788424941,104.70758690207884,331.57062659549666,424.9657686835764,572.1972189110973,708.6123834676229,776.228655603509,1596.0978209920424
brent_krw_l,6630.0,582.1452708281943,173.7083749979306,148.17203481994196,347.45637458022577,440.4150314760049,580.4171524635981,725.1290869009961,799.6863149195502,1126.57360502368
wti_krw_l,6630.0,541.4120509617622,161.2298588762523,-288.5907268299554,326.3405652853992,402.2205738449722,564.5541459186906,656.5608059893866,737.3035188320289,1070.7663154914055
mogas92_krw_l,6630.0,643.7990409272767,192.32459741373427,113.14924886385886,399.1294148927895,496.7908035404272,644.9966335136386,780.778049316557,862.5528477738036,1478.282765339434
gasoil_0001_krw_l,4937.0,686.3458376663001,272.771036835675,177.27490119738053,391.25933948477245,492.5487916217677,650.4925066297621,835.4632366073864,936.805691721782,2797.108034333132
