column,count,mean,std,min,10%,25%,50%,75%,90%,max
refinery_gasoline_pre_tax,868.0,718.9236175115207,191.4961734511008,247.01,460.55899999999997,561.655,743.505,867.0600000000001,944.48,1309.87
refinery_diesel_pre_tax,868.0,786.1856912442396,230.49668084759756,304.16,496.52,595.7774999999999,779.665,953.88,1039.997,1550.34
