rmse_chg,mae_chg,rmse_level,mae_level,mape_level_pct,n_forecasts
2.42757562064294,1.6373130581205348,11.793663615034458,8.937011541650415,1.6290713376991057,409
