series,n_obs,adf_stat,adf_p,kpss_stat,kpss_p,stationary_like
dom_chg,604,-6.048471700675868,1.2946499776990537e-07,0.14780065344210544,0.1,True
intl_chg,604,-9.791782164252055,6.325248025408692e-17,0.08617930811745683,0.1,True
