series,n_obs,adf_stat,adf_p,kpss_stat,kpss_p,stationary_like
dom_chg,4305,-8.713823840032074,3.532152125244077e-14,0.33900480362707347,0.1,True
intl_chg,4305,-10.401489264199768,1.9043072610115617e-18,0.17528749778258584,0.1,True
