rmse_chg,mae_chg,rmse_level,mae_level,mape_level_pct,n_forecasts
2.3083084105630287,1.8147871697941471,12.126378458335067,9.691149408242238,1.810072328877775,236
