series,n_obs,adf_stat,adf_p,kpss_stat,kpss_p,stationary_like
dom_chg,418,-5.633097326876897,1.0782515096087203e-06,0.2935976227351821,0.1,True
intl_chg,418,-12.23774036212736,1.0189907420201777e-22,0.21419959573851613,0.1,True
