rmse_chg,mae_chg,rmse_level,mae_level,mape_level_pct,n_forecasts
0.034323181411025167,0.022976874384942572,0.536893477820286,0.36625809675479537,0.022976636739247207,3168
