year,n_obs,actual_chg_mean,pred_chg_mean,bias_chg,mae_chg,rmse_chg,actual_level_mean,pred_level_mean,bias_level,mae_level,rmse_level,mape_level_pct
2016,360,0.02144870775288589,0.021521935043635084,-7.322729074919341e-05,0.03332525174641765,0.04999429052526535,1182.6278888888887,1182.6272310490456,0.0006578398431675698,0.3901611710058894,0.5800043404763231,0.03332329152633306
2017,365,0.012284853664934906,0.011339011929740057,0.0009458417351948514,0.01706646088869601,0.02454725291916554,1282.5398630136986,1282.5275933823827,0.01226963131594197,0.2182362235458167,0.31255926757807856,0.017065931538287688
2018,309,0.03656934464354728,0.03472641032189185,0.001842934321655434,0.016987816776846305,0.024196772687958553,1397.33715210356,1397.31109310521,0.02605899835000187,0.23807877126035112,0.3411735526716994,0.016987126640737742
2019,87,0.0005204851258076194,0.0013369584850679718,-0.0008164733592603522,0.012708430893578152,0.015530354011704058,1384.200459770115,1384.2118942417655,-0.011434471650733845,0.17588993878349493,0.21491967560955047,0.012708494943963306
2020,366,-0.03582536138991024,-0.03837679678586997,0.0025514353959597306,0.035181139147898555,0.05294459334952636,1189.4686612021858,1189.4385910022145,0.03007019997141676,0.41388494604945697,0.618442740186499,0.03518095031757549
2021,315,0.08704643663018298,0.08387329965463534,0.0031731369755476396,0.02386197559245877,0.03662865117577522,1376.5199365079366,1376.4739682106908,0.04596829724561094,0.33140396763266894,0.5197667248604405,0.023859012973518934
