series,n_obs,adf_stat,adf_p,kpss_stat,kpss_p,stationary_like
dom_chg,4305,-8.803768573169107,2.0782516488264027e-14,0.27805224142239005,0.1,True
intl_chg,2965,-8.518206417582933,1.1190308505412415e-13,0.2669796468331106,0.1,True
